Workbook

Sheet Параметрлер
A1: DentLux · 5-ЗЖ · Кіріс параметрлері
A2: Көк мәтін + сары фон = өзгертуге болатын кіріс. Басқа парақтардағы барлық есептер осы мәндерге байланған.
A4: Параметр | B4: Мәні | C4: Түсініктеме / дереккөз
A5: Команда мүшелерінің саны | B5: 3 | C5: Ізбасхан Әселхан, Жандос Арлан, Еділ Шыңтас (4-ЗЖ команда құрамы)
A6: Семестрдегі жобаға арналған апта | B6: 12 | C6: Жоба 05.10.2026 – 27.12.2026 (дәріс үлгісі: 12 апта)
A7: Аптасына бір адамға жобаға сағат | B7: 6 | C7: Дәріс, 30-слайд: 6 сағат/апта
A8: Сессия және мерекелерге кеткен апта | B8: 2 | C8: Дәріс, 30-слайд: 2 апта (25 қазан, 16 желтоқсан, сессия)
A9: Үйлестіру және ауысу үлесі | B9: 0.15 | C9: Дәріс, 29–30-слайдтар: әдетте 10–20%, үлгіде 15%
A10: Жоспарлы жүктеменің жоғарғы бағдары | B10: 0.8 | C10: Дәріс, 31-слайд: 70–80% жоспарлау
A11: Жоспарлы жүктеменің төменгі бағдары | B11: 0.7 | C11: Дәріс, 31-слайд
A12: Критерий: capacity-ге көбейткіш (шек) | B12: 2 | C12: Дәріс, 37-слайд: көлем capacity-ді екі есе аспауы тиіс
A13: Дәріс үлгісіндегі команда (салыстыру үшін) | B13: 4 | C13: Дәріс, 30-слайд: 4 адам → ≈ 204 сағат (тексеру)
A15: Ескерту: сағат пен команда құрамы — сіздің жобаңыздың жорамалы; бағдарлар мен үйлестіру үлесі — дәріс материалынан алынған.

Sheet Capacity
A1: DentLux · Семестрге нақты capacity есебі
A2: Әдістеме: дәріс, 30-слайд. Жасыл мәтін = басқа парақтан алынған мән, қара = формула.
A4: Көрсеткіш | B4: Формула | C4: Мәні | D4: Бірлік
A5: Команда | B5: Параметрлер | C5: =Параметрлер!B5 -> 3 | D5: адам
A6: Семестрдегі жоба апталары | B6: Параметрлер | C6: =Параметрлер!B6 -> 12 | D6: апта
A7: Аптасына бір адамға сағат | B7: Параметрлер | C7: =Параметрлер!B7 -> 6 | D7: сағат
A8: Жалпы capacity | B8: адам × апта × сағат | C8: =C5*C6*C7 -> 216 | D8: сағат
A9: Минус сессия және мерекелер | B9: −(апта × адам × сағат) | C9: =-Параметрлер!B8*C5*C7 -> -36 | D9: сағат
A10: Қалдық | B10: жалпы + минус | C10: =C8+C9 -> 180 | D10: сағат
A11: Минус үйлестіру және ауысу | B11: −(қалдық × үйлестіру %) | C11: =-C10*Параметрлер!B9 -> -27 | D11: сағат
A12: Нақты capacity | B12: қалдық + үйлестіру минусы | C12: =C10+C11 -> 153 | D12: сағат
A13: Бір адамға нақты capacity | B13: нақты capacity ÷ адам | C13: =C12/C5 -> 51 | D13: сағат
A16: Дәріс үлгісімен тексеру (30-слайд)
A17: Көрсеткіш | B17: Формула | C17: Мәні | D17: Бірлік
A18: Жалпы capacity (4 адам) | B18: адам × апта × сағат | C18: =Параметрлер!B13*Параметрлер!B6*Параметрлер!B7 -> 288 | D18: сағат
A19: Минус сессия және мерекелер | B19: −(апта × адам × сағат) | C19: =-Параметрлер!B8*Параметрлер!B13*Параметрлер!B7 -> -48 | D19: сағат
A20: Минус үйлестіру (15% × қалдық) | B20: −(C18+C19) × % | C20: =-(C18+C19)*Параметрлер!B9 -> -36 | D20: сағат
A21: Нақты capacity (дәріс: ≈ 204) | B21: C18 + C19 + C20 | C21: =C18+C19+C20 -> 204 | D21: сағат
A22: Дәріс нәтижесімен сәйкес келе ме | B22: 204 сағатпен салыстыру | C22: =IF(ROUND(C21,0)=204,"✓ сәйкес","✗ айырма бар") -> ✓ сәйкес
A24: Бұл тексеру формуланың дәріс үлгісімен бірдей нәтиже беретінін көрсетеді (15% — қалған көлемнен, жалпы көлемнен емес). Біздің команда үшін мән C12 ұяшығында.

Sheet WBS
A1: DentLux · WBS жұмыс пакеттері және еңбексыйымдылық бағасы (сағат)
A2: Көк = кіріс (сағат, орындаушы, инкремент). Топтар мен қосындылар формуламен есептеледі.
A3: Код | B3: Жұмыс пакеті (нәтиже) | C3: Жауапты (R) | D3: Инкремент | E3: Сағат | F3: Топ | G3: 8/80 ережесі
A4: 1.1.1 | B4: PostgreSQL схемасы және миграциялар | C4: Еділ Шыңтас | D4: 1 | E4: 8 | F4: =LEFT(A4,3) -> 1.1 | G4: =IF(AND(E4>=8,E4<=80),"✓","✗") -> ✓
A5: 1.1.2 | B5: Қайталанған брондаудан қорғау (транзакциялық логика) | C5: Еділ Шыңтас | D5: 2 | E5: 10 | F5: =LEFT(A5,3) -> 1.1 | G5: =IF(AND(E5>=8,E5<=80),"✓","✗") -> ✓
A6: 1.1.3 | B6: Аудит журналдары және дербес деректерді шифрлау (AES-256) | C6: Еділ Шыңтас | D6: 1 | E6: 8 | F6: =LEFT(A6,3) -> 1.1 | G6: =IF(AND(E6>=8,E6<=80),"✓","✗") -> ✓
A7: 1.1.4 | B7: Брондау және әкімшілік REST API (OpenAPI бойынша) | C7: Жандос Арлан | D7: 2 | E7: 10 | F7: =LEFT(A7,3) -> 1.1 | G7: =IF(AND(E7>=8,E7<=80),"✓","✗") -> ✓
A8: 1.1.5 | B8: Telegram/SMS растау және еске салғыш модулі | C8: Жандос Арлан | D8: 2 | E8: 8 | F8: =LEFT(A8,3) -> 1.1 | G8: =IF(AND(E8>=8,E8<=80),"✓","✗") -> ✓
A9: 1.2.1 | B9: Ақпараттық беттер: басты бет, филиал, қызметтер мен бағалар, дәрігерлер | C9: Еділ Шыңтас | D9: 1 | E9: 8 | F9: =LEFT(A9,3) -> 1.2 | G9: =IF(AND(E9>=8,E9<=80),"✓","✗") -> ✓
A10: 1.2.2 | B10: Онлайн жазылу модулі (слот таңдау, дерек енгізу, растау) | C10: Ізбасхан Әселхан | D10: 2 | E10: 12 | F10: =LEFT(A10,3) -> 1.2 | G10: =IF(AND(E10>=8,E10<=80),"✓","✗") -> ✓
A11: 1.2.3 | B11: Әкімші панелі (кесте, «Келді»/«No-show», жазылуды жылжыту) | C11: Ізбасхан Әселхан | D11: 3 | E11: 10 | F11: =LEFT(A11,3) -> 1.2 | G11: =IF(AND(E11>=8,E11<=80),"✓","✗") -> ✓
A12: 1.3.1 | B12: Docker Compose және CI/CD ортасы | C12: Жандос Арлан | D12: 1 | E12: 8 | F12: =LEFT(A12,3) -> 1.3 | G12: =IF(AND(E12>=8,E12<=80),"✓","✗") -> ✓
A13: 1.3.2 | B13: Prometheus/Grafana мониторингі және алерттер | C13: Жандос Арлан | D13: 3 | E13: 8 | F13: =LEFT(A13,3) -> 1.3 | G13: =IF(AND(E13>=8,E13<=80),"✓","✗") -> ✓
A14: 1.4.1 | B14: Жоба жоспары және тәуекелдер тізілімі | C14: Ізбасхан Әселхан | D14: 1 | E14: 8 | F14: =LEFT(A14,3) -> 1.4 | G14: =IF(AND(E14>=8,E14<=80),"✓","✗") -> ✓
A15: 1.4.2 | B15: Жүктеме және қауіпсіздік сынағының есебі | C15: Жандос Арлан | D15: 3 | E15: 8 | F15: =LEFT(A15,3) -> 1.4 | G15: =IF(AND(E15>=8,E15<=80),"✓","✗") -> ✓
... A17: 1.4.4 | B17: Қабылданған жүйе және оқытылған әкімшілер (нұсқаулықпен) | C17: Ізбасхан Әселхан | D17: 3 | E17: 8 | F17: =LEFT(A17,3) -> 1.4 | G17: =IF(AND(E17>=8,E17<=80),"✓","✗") -> ✓
A18: 1 | B18: DentLux веб-сайты — барлығы | E18: =SUM(E4:E17) -> 122 | G18: =IF(COUNTIF(G4:G17,"✓")=ROWS(G4:G17),"✓","✗") -> ✓
A21: 100 пайыз ережесін тексеру: балалардың қосындысы ата-анаға тең
A22: Топ | B22: Атауы | C22: Сағат (пакеттер қосындысы) | G22: Сәйкес
A23: 1.1 | B23: Серверлік ядро және дерекқор | C23: =SUMIF($F$4:$F$17,A23,$E$4:$E$17) -> 44 | G23: =IF(C23=SUMIF($F$4:$F$17,A23,$E$4:$E$17),"✓","✗") -> ✓
A24: 1.2 | B24: Веб-сайт интерфейсі | C24: =SUMIF($F$4:$F$17,A24,$E$4:$E$17) -> 30 | G24: =IF(C24=SUMIF($F$4:$F$17,A24,$E$4:$E$17),"✓","✗") -> ✓
A25: 1.3 | B25: Орта және мониторинг | C25: =SUMIF($F$4:$F$17,A25,$E$4:$E$17) -> 16 | G25: =IF(C25=SUMIF($F$4:$F$17,A25,$E$4:$E$17),"✓","✗") -> ✓
A26: 1.4 | B26: Жоспар, сапа және тапсыру | C26: =SUMIF($F$4:$F$17,A26,$E$4:$E$17) -> 32 | G26: =IF(C26=SUMIF($F$4:$F$17,A26,$E$4:$E$17),"✓","✗") -> ✓
A27: 1 | B27: Барлық топтардың қосындысы | C27: =SUM(C23:C26) -> 122 | G27: =IF(C27=E18,"✓","✗") -> ✓
A29: Ескерту: 8/80 ережесі — пакет 8 сағаттан кем емес, 80 сағаттан артық емес (дәріс, 6-слайд). Үйлестіру (кездесу, ревью) пакет емес, ол Capacity парағында 15% ретінде шегеріледі.

Sheet Салыстыру
A1: DentLux · Жұмыс көлемін capacity-мен салыстыру
A2: Барлық сандар WBS және Capacity парақтарынан формуламен алынады.
A4: Инкремент | B4: Мерзімі | C4: Сағат | D4: Capacity-ден үлесі | E4: Веха
A5: 1 | B5: 05.10 – 08.11.2026 | C5: =SUMIF(WBS!$D$4:$D$17,A5,WBS!$E$4:$E$17) -> 40 | D5: =C5/$C$10 -> 0.26143791 | E5: M1 · 08.11.2026
A6: 2 | B6: 09.11 – 29.11.2026 | C6: =SUMIF(WBS!$D$4:$D$17,A6,WBS!$E$4:$E$17) -> 40 | D6: =C6/$C$10 -> 0.26143791 | E6: M2 · 29.11.2026
A7: 3 | B7: 30.11 – 20.12.2026 | C7: =SUMIF(WBS!$D$4:$D$17,A7,WBS!$E$4:$E$17) -> 42 | D7: =C7/$C$10 -> 0.2745098 | E7: M3 · 20.12.2026
A8: Үш инкремент барлығы | C8: =SUM(C5:C7) -> 122 | D8: =C8/$C$10 -> 0.79738562
A9: Резерв (қор) | B9: 21.12 – 27.12.2026 | C9: =C10-C8 -> 31 | D9: =C9/$C$10 -> 0.20261438 | E9: кезеңнің соңында
A10: Нақты capacity | C10: =Capacity!C12 -> 153 | D10: =C10/$C$10 -> 1
A11: WBS жиынымен сәйкестік | C11: =IF(C8=WBS!E18,"✓","✗") -> ✓
A13: Критерийлерді тексеру
A14: Критерий | B14: Шек | C14: Нақты мән | D14: Нәтиже | E14: Дереккөз
A15: Көлем ≤ capacity × 2 | B15: =Параметрлер!B12*C10 -> 306 | C15: =C8 -> 122 | D15: =IF(C15<=B15,"✓ орындалды","✗ орындалмады") -> ✓ орындалды | E15: 5-ЗЖ критерийі, 37-слайд
A16: Жүктеме ≤ жоғарғы бағдар (80%) | B16: =Параметрлер!B10 -> 0.8 | C16: =D8 -> 0.79738562 | D16: =IF(C16<=B16,"✓ орындалды","✗ асып кетті") -> ✓ орындалды | E16: «100 пайыз жүктеме» қатесі, 31-слайд
A17: Жүктеме ≥ төменгі бағдар (70%) | B17: =Параметрлер!B11 -> 0.7 | C17: =D8 -> 0.79738562 | D17: =IF(C17>=B17,"✓ орындалды","✗ төмен") -> ✓ орындалды | E17: Дәріс, 31-слайд
A19: Жүктеменің мамандар арасында бөлінуі
A20: Орындаушы | B20: Жоспарлы жүктеме (сағ.) | C20: Жеке capacity (сағ.) | D20: Жүктеме | E20: Баға
A21: Ізбасхан Әселхан | B21: =SUMIF(WBS!$C$4:$C$17,A21,WBS!$E$4:$E$17) -> 38 | C21: =Capacity!$C$13 -> 51 | D21: =B21/C21 -> 0.74509804 | E21: =IF(D21<=Параметрлер!$B$10,"✓ норма","⚠ 80%-дан сәл жоғары") -> ✓ норма
A22: Жандос Арлан | B22: =SUMIF(WBS!$C$4:$C$17,A22,WBS!$E$4:$E$17) -> 42 | C22: =Capacity!$C$13 -> 51 | D22: =B22/C22 -> 0.82352941 | E22: =IF(D22<=Параметрлер!$B$10,"✓ норма","⚠ 80%-дан сәл жоғары") -> ⚠ 80%-дан сәл жоғары
A23: Еділ Шыңтас | B23: =SUMIF(WBS!$C$4:$C$17,A23,WBS!$E$4:$E$17) -> 42 | C23: =Capacity!$C$13 -> 51 | D23: =B23/C23 -> 0.82352941 | E23: =IF(D23<=Параметрлер!$B$10,"✓ норма","⚠ 80%-дан сәл жоғары") -> ⚠ 80%-дан сәл жоғары
A24: Барлығы | B24: =SUM(B21:B23) -> 122 | C24: =SUM(C21:C23) -> 153 | D24: =B24/C24 -> 0.79738562 | E24: =IF(B24=C8,"✓ WBS-пен сәйкес","✗ сәйкес емес") -> ✓ WBS-пен сәйкес
