Workbook

Sheet README
A1: DentLux Clinic — Қаржылық модель (TCO / ROI / Sensitivity / Buy-vs-Build)
A3: Түс белгілері (Legend)
A4: Көк қаріп (Blue) | B4: Бастапқы деректер / қолмен енгізілген мәндер (inputs, hardcoded)
A5: Қара қаріп (Black) | B5: Формулалар (есептелетін мәндер)
A6: Жасыл қаріп (Green) | B6: Басқа парақтан сілтеме (cross-sheet link)
A7: Сары фон (Yellow fill) | B7: Негізгі болжамдар / өзгертуге болатын ұяшықтар
A9: Парақтар (Sheets)
A10: TCO_3_Years | B10: 3 жылдық CAPEX/OPEX шығындар моделі. ЖИЫНЫ = 5 254 000 ₸.
A11: Benefits_&_ROI | B11: No-show төмендеуі мен регистратура үнемінен түсетін пайда, ROI және өтелу мерзімі.
A12: Sensitivity_Analysis | B12: 4 сценарий бойынша TCO/Пайда/ROI/Өтелу мерзімі салыстыруы.
A13: Buy_vs_Build | B13: SaaS CRM жалдау мен DentLux меншікті шешімінің 3 жылдық шығын салыстыруы.
A15: Дереккөз / Source
A16: ТОО «DentLux Clinic» жобасы бойынша №3 зертханалық жұмыс есебі (Ізбасхан Әселхан, Жандос Арлан).

Sheet TCO_3_Years
A1: DentLux Clinic — 3 жылдық TCO моделі (Total Cost of Ownership) Иеленудің жалпы құны
A2: ТОО «DentLux Clinic» (Астана) — Онлайн жазылу және веб-сайт жүйесі
A4: Шығын баптары | B4: 0-жыл (CAPEX) | C4: 1-жыл (OPEX) | D4: 2-жыл (OPEX) | E4: 3-жыл (OPEX) | F4: 3 жылдық TCO
A5: Әзірлеу (2 адам × 3 ай) | B5: 1950000 | C5: 0 | D5: 0 | E5: 0 | F5: =SUM(B5:E5) -> 1950000
A6: Бастапқы баптау (SSL, миграция) | B6: 100000 | C6: 0 | D6: 0 | E6: 0 | F6: =SUM(B6:E6) -> 100000
A7: VPS хостинг (KZ дерекорталық) | B7: 0 | C7: 216000 | D7: 216000 | E7: 216000 | F7: =SUM(B7:E7) -> 648000
A8: Домен + SSL | B8: 0 | C8: 6000 | D8: 6000 | E8: 6000 | F8: =SUM(B8:E8) -> 18000
A9: SMS-гейтвей (OTP растау) | B9: 0 | C9: 216000 | D9: 216000 | E9: 216000 | F9: =SUM(B9:E9) -> 648000
A10: Қолдау және жаңарту | B10: 0 | C10: 600000 | D10: 600000 | E10: 600000 | F10: =SUM(B10:E10) -> 1800000
A11: Персоналды оқыту | B11: 0 | C11: 50000 | D11: 20000 | E11: 20000 | F11: =SUM(B11:E11) -> 90000
A12: ЖИЫНЫ (TOTAL) | B12: =SUM(B5:B11) -> 2050000 | C12: =SUM(C5:C11) -> 1088000 | D12: =SUM(D5:D11) -> 1058000 | E12: =SUM(E5:E11) -> 1058000 | F12: =SUM(F5:F11) -> 5254000
A14: Ескерту: барлық сандар — DentLux жоба есебінен (лабораториялық жұмыс №3) алынған бастапқы деректер.

Sheet Benefits_&_ROI
A1: Пайда, ROI және өтелу мерзімі (Benefits & ROI)
A3: Бастапқы айнымалылар (Inputs)
A4: Ай сайынғы қабылдау саны | B4: 520
A5: Орташа чек, ₸ | B5: 10000
A6: No-show деңгейі (болды), % | B6: 0.18
A7: No-show деңгейі (болады), % | B7: 0.05
A8: Администратор жалақысы, ₸/ай | B8: 180000
A9: Регистратура уақытының босауы (FTE) | B9: 0.5
A11: No-show төмендеуі (Δ), % | B11: =$B$6-$B$7 -> 0.13
A12: Айлық және жылдық пайда есебі
A13: ΔNo-show айлық пайдасы, ₸/ай | B13: =B11*$B$4*$B$5 -> 676000
A14: Регистратура айлық үнемі, ₸/ай | B14: =$B$9*$B$8 -> 90000
A15: Тұрақты айлық пайда, ₸/ай | B15: =B13+B14 -> 766000
A16: Тұрақты жылдық пайда, ₸/жыл | B16: =B15*12 -> 9192000
A17: Ескерту: лабораториялық есепте жылдық пайда 9 240 000 ₸ деп көрсетілген, бірақ дәл осы формула бойынша (766 000 × 12) есептегенде 9 192 000 ₸ шығады — бұл бастапқы есептегі ~48 000 ₸ дөңгелектеу алшақтығы. Төмендегі барлық формулалар дәл, ішкі қайшылықсыз есептеу тізбегін көрсетеді.
A18: Жылдар бойынша пайда
A19: 1-жыл пайдасы (9 ай, іске қосудан кейін) | B19: =B16*(9/12) -> 6894000
A20: 2-жыл пайдасы | B20: =B16 -> 9192000
A21: 3-жыл пайдасы | B21: =B16 -> 9192000
A22: 3 жылдық ЖАЛПЫ ПАЙДА (Total Benefits) | B22: =SUM(B19:B21) -> 25278000
A24: Негізгі метрикалар (Metrics)
A25: Total TCO, ₸ | B25: =TCO_3_Years!F12 -> 5254000
A26: ROI, % | B26: =((B22-B25)/B25)*100 -> 381.11915
A27: Жылдық OPEX (2-жыл, тұрақты деңгей), ₸ | B27: =TCO_3_Years!D12 -> 1058000
A28: Айлық таза пайда, ₸/ай | B28: =(B16/12)-(B27/12) -> 677833.33
A29: CAPEX (0-жыл), ₸ | B29: =TCO_3_Years!B12 -> 2050000
A30: Өтелу мерзімі (Payback), ай | B30: =B29/B28 -> 3.0243423

Sheet Sensitivity_Analysis
A1: Сезімталдық талдауы (Sensitivity Analysis)
A3: Сценарий | B3: TCO (₸) | C3: Пайда, 3 жыл (₸) | D3: ROI (%) | E3: Өтелу мерзімі (ай)
A4: Негізгі сценарий (Base Case) | B4: =TCO_3_Years!F12 -> 5254000 | C4: ='Benefits_&_ROI'!B22 -> 25278000 | D4: =((C4-B4)/B4)*100 -> 381.11915 | E4: 3
A5: А Сценарийі (Шығын +30%) | B5: 6830200 | C5: 25410000 | D5: =((C5-B5)/B5)*100 -> 272.02425 | E5: 4.1
A6: Б Сценарийі (Әсер 50%) | B6: 5254000 | C6: 12705000 | D6: =((C6-B6)/B6)*100 -> 141.81576 | E6: 6.9
A7: А+Б (Ең нашар сценарий) | B7: 6830200 | C7: 12705000 | D7: =((C7-B7)/B7)*100 -> 86.012123 | E7: 9.9
A9: Ескерту: Негізгі сценарийдің ROI (~381.1%) Benefits_&_ROI парағындағы дәл формулалардан алынады және бастапқы есептегі ~383.6% мәнінен сәл өзгеше (дөңгелектеу алшақтығына байланысты, Benefits_&_ROI парағының A17 ескертуін қараңыз).

Sheet Buy_vs_Build
A1: Buy vs Build — SaaS CRM және DentLux In-house салыстыруы
A3: Бағам (курс), ₸/$ | B3: 480
A5: Жыл | B5: Дәрігер саны | C5: SaaS айлық, $ | D5: Курс, ₸/$ | E5: SaaS айлық, ₸ | F5: SaaS жылдық, ₸
A6: 1-жыл | B6: 5 | C6: 250 | D6: =$B3 -> 480 | E6: =C6*D6 -> 120000 | F6: =E6*12 -> 1440000
A7: 2-жыл | B7: 6 | C7: 270 | D7: =$B3 -> 480 | E7: =C7*D7 -> 129600 | F7: =E7*12 -> 1555200
A8: 3-жыл | B8: 8 | C8: 310 | D8: =$B3 -> 480 | E8: =C8*D8 -> 148800 | F8: =E8*12 -> 1785600
A9: SaaS ЖИЫНЫ (3 жыл) | F9: =SUM(F6:F8) -> 4780800
A11: DentLux In-house TCO (3 жыл), ₸ | F11: =TCO_3_Years!F12 -> 5254000
A12: Айырмашылық (SaaS − In-house), ₸ | F12: =F9-F11 -> -473200
A14: Қорытынды түсініктеме
A15: 3 жылдық көкжиекте SaaS CRM тікелей сандық түрде арзанырақ көрінуі мүмкін, дегенмен ұзақ мерзімді перспективада DentLux меншікті шешімі тиімдірек: (1) дәрігерлер саны өскен сайын SaaS роялти сызықтық түрде өседі (врач/мес тарифі), ал in-house шешімде қосымша дәрігерге ешқандай қосымша төлем жоқ — тек OPEX тұрақты; (2) DentLux шешімі деректерді Қазақстан аумағында (KZ дерекорталық) сақтайды, бұл ДДҚ (жеке деректер туралы заң) талаптарына сай және SaaS провайдерге тәуелділікті болдырмайды; (3) бастапқы CAPEX 3-4 айда өтеледі (Benefits_&_ROI парағын қараңыз), содан кейін жоба таза пайда әкеледі, ал SaaS шығыны әр жыл сайын қайталанады және клиника өскен сайын өседі.
